id,name,rarity,description,cost,tags,damage,damageType,attunement,stackable,weightEach,image,shape,container,containerRows,containerCols
1_ammunition,+1 Ammunition,uncommon,"You have a +1 bonus to attack and damage rolls made with this piece of magic ammunition. Once it hits a target, the ammunition is no longer magical. This ammunition is typically found or sold in quantities of ten or twenty pieces.",,ammunition|generic_variant,,,,,,,,,,
1_armor,+1 Armor,rare,You have a +1 bonus to AC while wearing this armor.,,generic_variant,,,,,,,,,,
1_shield,+1 Shield (*),uncommon,,,generic_variant,,,,,,,,,,
1_weapon,+1 Weapon,uncommon,You have a +1 bonus to attack and damage rolls made with this magic weapon.,,generic_variant,,,,,,,,,,
2_ammunition,+2 Ammunition,rare,"You have a +2 bonus to attack and damage rolls made with this piece of magic ammunition. Once it hits a target, the ammunition is no longer magical. This ammunition is typically found or sold in quantities of ten or twenty pieces.",,ammunition|generic_variant,,,,,,,,,,
2_armor,+2 Armor,very_rare,You have a +2 bonus to AC while wearing this armor.,,generic_variant,,,,,,,,,,
2_shield,+2 Shield (*),rare,,,generic_variant,,,,,,,,,,
2_weapon,+2 Weapon,rare,You have a +2 bonus to attack and damage rolls made with this magic weapon.,,generic_variant,,,,,,,,,,
3_ammunition,+3 Ammunition,very_rare,"You have a +3 bonus to attack and damage rolls made with this piece of magic ammunition. Once it hits a target, the ammunition is no longer magical. This ammunition is typically found or sold in quantities of ten or twenty pieces.",,ammunition|generic_variant,,,,,,,,,,
3_armor,+3 Armor,legendary,You have a +3 bonus to AC while wearing this armor.,,generic_variant,,,,,,,,,,
3_shield,+3 Shield (*),very_rare,,,generic_variant,,,,,,,,,,
3_weapon,+3 Weapon,very_rare,You have a +3 bonus to attack and damage rolls made with this magic weapon.,,generic_variant,,,,,,,,,,
adamantine_armor,Adamantine Armor,uncommon,"This suit of armor is reinforced with adamantine, one of the hardest substances in existence. While you're wearing it, any Critical Hit against you becomes a normal hit.",,generic_variant,,,,,,,,,,
adamantine_weapon,Adamantine Weapon,uncommon,"This weapon or piece of ammunition is made of adamantine, one of the hardest substances in existence. Whenever this weapon or piece of ammunition hits an object, the hit is a Critical Hit.",,generic_variant,,,,,,,,,,
ammunition_of_slaying,Ammunition of Slaying,very_rare,"This magic ammunition is meant to slay creatures of a particular type, which the DM chooses or determines randomly by rolling on the table below. If a creature of that type takes damage from the ammunition, the creature makes a DC 17 Constitution saving throw, taking an extra 6d10 Force damage on a failed save or half as much extra damage on a successful one. After dealing its extra damage to a creature, the ammunition becomes nonmagical.",,ammunition|generic_variant,,,,,,,,,,
armor_of_acid_resistance,Armor of Acid Resistance,rare,You have Resistance to Acid damage while you wear this armor.,,generic_variant,,,true,,,,,,,
armor_of_cold_resistance,Armor of Cold Resistance,rare,You have Resistance to Cold damage while you wear this armor.,,generic_variant,,,true,,,,,,,
armor_of_fire_resistance,Armor of Fire Resistance,rare,You have Resistance to Fire damage while you wear this armor.,,generic_variant,,,true,,,,,,,
armor_of_force_resistance,Armor of Force Resistance,rare,You have Resistance to Force damage while you wear this armor.,,generic_variant,,,true,,,,,,,
armor_of_gleaming,Armor of Gleaming,common,This armor never gets dirty.,,generic_variant,,,,,,,,,,
armor_of_lightning_resistance,Armor of Lightning Resistance,rare,You have Resistance to Lightning damage while you wear this armor.,,generic_variant,,,true,,,,,,,
armor_of_necrotic_resistance,Armor of Necrotic Resistance,rare,You have Resistance to Necrotic damage while you wear this armor.,,generic_variant,,,true,,,,,,,
armor_of_poison_resistance,Armor of Poison Resistance,rare,You have Resistance to Poison damage while you wear this armor.,,generic_variant,,,true,,,,,,,
armor_of_psychic_resistance,Armor of Psychic Resistance,rare,You have Resistance to Psychic damage while you wear this armor.,,generic_variant,,,true,,,,,,,
armor_of_radiant_resistance,Armor of Radiant Resistance,rare,You have Resistance to Radiant damage while you wear this armor.,,generic_variant,,,true,,,,,,,
armor_of_resistance,Armor of Resistance,rare,You have Resistance to one type of damage while you wear this armor. The DM chooses the type or determines it randomly by rolling on the following table.,,generic_variant,,,true,,,,,,,
armor_of_thunder_resistance,Armor of Thunder Resistance,rare,You have Resistance to Thunder damage while you wear this armor.,,generic_variant,,,true,,,,,,,
armor_of_vulnerability,Armor of Vulnerability,rare,,,generic_variant,,,true,,,,,,,
armor_of_vulnerability_bludgeoning,Armor of Vulnerability (Bludgeoning),rare,"While wearing this armor, you have Resistance to Bludgeoning damage. Curse. This armor is cursed, a fact that is revealed only when the Identify spell is cast on the armor or you attune to it.",,generic_variant,,,true,,,,,,,
armor_of_vulnerability_piercing,Armor of Vulnerability (Piercing),rare,"While wearing this armor, you have Resistance to Piercing damage. Curse. This armor is cursed, a fact that is revealed only when the Identify spell is cast on the armor or you attune to it.",,generic_variant,,,true,,,,,,,
armor_of_vulnerability_slashing,Armor of Vulnerability (Slashing),rare,"While wearing this armor, you have Resistance to Slashing damage. Curse. This armor is cursed, a fact that is revealed only when the Identify spell is cast on the armor or you attune to it.",,generic_variant,,,true,,,,,,,
berserker_axe,Berserker Axe,rare,"You gain a +1 bonus to attack rolls and damage rolls made with this magic weapon. In addition, while you are attuned to this weapon, your Hit Point maximum increases by 1 for each level you have attained. Curse.",,generic_variant,,,true,,,,,,,
cast_off_armor,Cast-Off Armor,common,You can doff this armor as a Magic action.,,generic_variant,,,,,,,,,,
dancing_sword,Dancing Sword,very_rare,"You can take a Bonus Action to toss this magic weapon into the air. When you do so, the weapon begins to hover, flies up to 30 feet, and attacks one creature of your choice within 5 feet of itself. The weapon uses your attack roll and adds your ability modifier to damage rolls.",,generic_variant,,,true,,,,,,,
defender,Defender,legendary,"You gain a +3 bonus to attack rolls and damage rolls made with this magic weapon. The first time you attack with the weapon on each of your turns, you can transfer some or all of the weapon's bonus to your Armor Class. For example, you could reduce the bonus to your attack rolls and damage rolls to +1 and gain a +2 bonus to Armor Class.",,generic_variant,,,true,,,,,,,
demon_armor,Demon Armor,very_rare,"While wearing this armor, you gain a +1 bonus to Armor Class, and you know Abyssal. In addition, the armor's clawed gauntlets allow your Unarmed Strikes to deal 1d8 Slashing damage instead of the usual Bludgeoning damage, and you gain a +1 bonus to the attack and damage rolls of your Unarmed Strikes. Curse.",,generic_variant,,,true,,,,,,,
dragon_slayer,Dragon Slayer,rare,You gain a +1 bonus to attack rolls and damage rolls made with this magic weapon. The weapon deals an extra 3d6 damage of the weapon's type if the target is a Dragon.,,generic_variant,,,,,,,,,,
dwarven_plate,Dwarven Plate,very_rare,"While wearing this armor, you gain a +2 bonus to Armor Class. In addition, if an effect moves you against your will along the ground, you can take a Reaction to reduce the distance you are moved by up to 10 feet.",,generic_variant,,,,,,,,,,
efreeti_chain,Efreeti Chain,legendary,"While wearing this armor, you gain a +3 bonus to Armor Class, you have Immunity to Fire damage, and you know Primordial. In addition, you can stand on and move across molten rock as if it were solid ground.",,generic_variant,,,true,,,,,,,
elven_chain,Elven Chain,rare,You gain a +1 bonus to Armor Class while you wear this armor. You are considered trained with this armor even if you lack training with Medium or Heavy armor.,,generic_variant,,,,,,,,,,
energy_bow,Energy Bow,very_rare,"You gain a +1 bonus to attack rolls and damage rolls made with this magic weapon, which has no string. Each time you pull your arm back in a firing motion, a magical arrow made of golden energy appears nocked and ready to fire. An arrow produced by this weapon deals Force damage instead of Piercing damage on a hit, and it disappears after it hits or misses its target.",,generic_variant,,,true,,,,,,,
enspelled_armor,Enspelled Armor,common,,,generic_variant,,,true,,,,,,,
enspelled_armor_cantrip,Enspelled Armor (Cantrip),uncommon,Bound into this armor is a cantrip. The cantrip is determined when the armor is created and must belong to the Abjuration or Illusion school of magic. The armor has 6 charges and regains 1d6 expended charges daily at dawn.,,generic_variant,,,true,,,,,,,
enspelled_armor_level_1,Enspelled Armor (Level 1),uncommon,Bound into this armor is a level 1 spell. The spell is determined when the armor is created and must belong to the Abjuration or Illusion school of magic. The armor has 6 charges and regains 1d6 expended charges daily at dawn.,,generic_variant,,,true,,,,,,,
enspelled_armor_level_2,Enspelled Armor (Level 2),rare,Bound into this armor is a level 2 spell. The spell is determined when the armor is created and must belong to the Abjuration or Illusion school of magic. The armor has 6 charges and regains 1d6 expended charges daily at dawn.,,generic_variant,,,true,,,,,,,
enspelled_armor_level_3,Enspelled Armor (Level 3),rare,Bound into this armor is a level 3 spell. The spell is determined when the armor is created and must belong to the Abjuration or Illusion school of magic. The armor has 6 charges and regains 1d6 expended charges daily at dawn.,,generic_variant,,,true,,,,,,,
enspelled_armor_level_4,Enspelled Armor (Level 4),very_rare,Bound into this armor is a level 4 spell. The spell is determined when the armor is created and must belong to the Abjuration or Illusion school of magic. The armor has 6 charges and regains 1d6 expended charges daily at dawn.,,generic_variant,,,true,,,,,,,
enspelled_armor_level_5,Enspelled Armor (Level 5),very_rare,Bound into this armor is a level 5 spell. The spell is determined when the armor is created and must belong to the Abjuration or Illusion school of magic. The armor has 6 charges and regains 1d6 expended charges daily at dawn.,,generic_variant,,,true,,,,,,,
enspelled_armor_level_6,Enspelled Armor (Level 6),legendary,Bound into this armor is a level 6 spell. The spell is determined when the armor is created and must belong to the Abjuration or Illusion school of magic. The armor has 6 charges and regains 1d6 expended charges daily at dawn.,,generic_variant,,,true,,,,,,,
enspelled_armor_level_7,Enspelled Armor (Level 7),legendary,Bound into this armor is a level 7 spell. The spell is determined when the armor is created and must belong to the Abjuration or Illusion school of magic. The armor has 6 charges and regains 1d6 expended charges daily at dawn.,,generic_variant,,,true,,,,,,,
enspelled_armor_level_8,Enspelled Armor (Level 8),legendary,Bound into this armor is a level 8 spell. The spell is determined when the armor is created and must belong to the Abjuration or Illusion school of magic. The armor has 6 charges and regains 1d6 expended charges daily at dawn.,,generic_variant,,,true,,,,,,,
enspelled_weapon,Enspelled Weapon,common,,,generic_variant,,,true,,,,,,,
enspelled_weapon_cantrip,Enspelled Weapon (Cantrip),uncommon,"Bound into this weapon is a cantrip. The cantrip is determined when the weapon is created and must belong to the Conjuration, Divination, Evocation, Necromancy, or Transmutation school of magic. The weapon has 6 charges and regains 1d6 expended charges daily at dawn.",,generic_variant,,,true,,,,,,,
enspelled_weapon_level_1,Enspelled Weapon (Level 1),uncommon,"Bound into this weapon is a level 1 spell. The spell is determined when the weapon is created and must belong to the Conjuration, Divination, Evocation, Necromancy, or Transmutation school of magic. The weapon has 6 charges and regains 1d6 expended charges daily at dawn.",,generic_variant,,,true,,,,,,,
enspelled_weapon_level_2,Enspelled Weapon (Level 2),rare,"Bound into this weapon is a level 2 spell. The spell is determined when the weapon is created and must belong to the Conjuration, Divination, Evocation, Necromancy, or Transmutation school of magic. The weapon has 6 charges and regains 1d6 expended charges daily at dawn.",,generic_variant,,,true,,,,,,,
enspelled_weapon_level_3,Enspelled Weapon (Level 3),rare,"Bound into this weapon is a level 3 spell. The spell is determined when the weapon is created and must belong to the Conjuration, Divination, Evocation, Necromancy, or Transmutation school of magic. The weapon has 6 charges and regains 1d6 expended charges daily at dawn.",,generic_variant,,,true,,,,,,,
enspelled_weapon_level_4,Enspelled Weapon (Level 4),very_rare,"Bound into this weapon is a level 4 spell. The spell is determined when the weapon is created and must belong to the Conjuration, Divination, Evocation, Necromancy, or Transmutation school of magic. The weapon has 6 charges and regains 1d6 expended charges daily at dawn.",,generic_variant,,,true,,,,,,,
enspelled_weapon_level_5,Enspelled Weapon (Level 5),very_rare,"Bound into this weapon is a level 5 spell. The spell is determined when the weapon is created and must belong to the Conjuration, Divination, Evocation, Necromancy, or Transmutation school of magic. The weapon has 6 charges and regains 1d6 expended charges daily at dawn.",,generic_variant,,,true,,,,,,,
enspelled_weapon_level_6,Enspelled Weapon (Level 6),legendary,"Bound into this weapon is a level 6 spell. The spell is determined when the weapon is created and must belong to the Conjuration, Divination, Evocation, Necromancy, or Transmutation school of magic. The weapon has 6 charges and regains 1d6 expended charges daily at dawn.",,generic_variant,,,true,,,,,,,
enspelled_weapon_level_7,Enspelled Weapon (Level 7),legendary,"Bound into this weapon is a level 7 spell. The spell is determined when the weapon is created and must belong to the Conjuration, Divination, Evocation, Necromancy, or Transmutation school of magic. The weapon has 6 charges and regains 1d6 expended charges daily at dawn.",,generic_variant,,,true,,,,,,,
enspelled_weapon_level_8,Enspelled Weapon (Level 8),legendary,"Bound into this weapon is a level 8 spell. The spell is determined when the weapon is created and must belong to the Conjuration, Divination, Evocation, Necromancy, or Transmutation school of magic. The weapon has 6 charges and regains 1d6 expended charges daily at dawn.",,generic_variant,,,true,,,,,,,
executioner_s_axe,Executioner's Axe,very_rare,"You gain a +1 bonus to attack rolls and damage rolls made with this magic weapon. Any Humanoid you hit with the weapon takes an extra 2d6 Slashing damage, and you gain Temporary Hit Points equal to the extra damage dealt.",,generic_variant,,,,,,,,,,
flame_tongue,Flame Tongue,rare,"While holding this magic weapon, you can take a Bonus Action and use a command word to cause flames to engulf the damage-dealing part of the weapon. These flames shed Bright Light in a 40-foot radius and Dim Light for an additional 40 feet. While the weapon is ablaze, it deals an extra 2d6 Fire damage on a hit.",,generic_variant,,,true,,,,,,,
frost_brand,Frost Brand,very_rare,"When you hit with an attack roll using this magic weapon, the target takes an extra 1d6 Cold damage. In addition, while you hold the weapon, you have Resistance to Fire damage. In freezing temperatures, the weapon sheds Bright Light in a 10-foot radius and Dim Light for an additional 10 feet.",,generic_variant,,,true,,,,,,,
giant_slayer,Giant Slayer,rare,"You gain a +1 bonus to attack rolls and damage rolls made with this magic weapon. When you hit a Giant with this weapon, the Giant takes an extra 2d6 damage of the weapon's type and must succeed on a DC 15 Strength saving throw or have the Prone condition.",,generic_variant,,,,,,,,,,
hammer_of_thunderbolts,Hammer of Thunderbolts,legendary,"You gain a +1 bonus to attack rolls and damage rolls made with this magic weapon. The weapon has 5 charges. You can expend 1 charge and make a ranged attack with the weapon, hurling it as if it had Thrown with a normal range of 20 feet and a long range of 60 feet.",,generic_variant,,,true,,,,,,,
holy_avenger,Holy Avenger,legendary,"You gain a +3 bonus to attack rolls and damage rolls made with this magic weapon. When you hit a Fiend or an Undead with it, that creature takes an extra 2d10 Radiant damage. While you hold the drawn weapon, it creates a 10-foot Emanation originating from you.",,generic_variant,,,true,,,,,,,
luck_blade,Luck Blade,legendary,"You gain a +1 bonus to attack rolls and damage rolls made with this magic weapon. While the weapon is on your person, you also gain a +1 bonus to saving throws. Luck.",,generic_variant,,,true,,,,,,,
mariner_s_armor,Mariner's Armor,uncommon,"While wearing this armor, you have a Swim Speed equal to your Speed. In addition, if you start your turn underwater with 0 Hit Points, you immediately regain 1d4 Hit Points. The armor can't heal anyone again until the next dawn.",,generic_variant,,,,,,,,,,
mithral_armor,Mithral Armor,uncommon,"Mithral is a light, flexible metal. A mithral chain shirt or breastplate can be worn under normal clothes. If the armor normally imposes disadvantage on Dexterity (Stealth) checks or has a Strength requirement, the mithral version of the armor doesn't.",,generic_variant,,,,,,,,,,
moon_touched_sword,Moon-Touched Sword,common,"In Darkness, the unsheathed blade of this weapon sheds moonlight, creating Bright Light in a 15-foot radius and Dim Light for an additional 15 feet.",,generic_variant,,,,,,,,,,
moonblade,Moonblade,legendary,"Of all the magic items created by elves, one of the most prized and jealously guarded is a Moonblade. In ancient times, nearly all elven noble houses claimed one such weapon. Over the centuries, some of these weapons have faded from the world, their magic lost as family lines have become extinct.",,generic_variant,,,true,,,,,,,
nine_lives_stealer,Nine Lives Stealer,very_rare,You gain a +2 bonus to attack rolls and damage rolls made with this magic weapon. Life Stealing. The weapon has 1d8 + 1 charges.,,generic_variant,,,true,,,,,,,
oathbow,Oathbow,very_rare,"When you nock an arrow on this bow, it whispers in Elvish, ""Swift defeat to my enemies."" When you use this weapon to make a ranged attack, you can utter or sign the following command words: ""Swift death to you who have wronged me."" The target of your attack becomes your sworn enemy until it dies or until dawn 7 days later. You can have only one such sworn enemy at a time. When your sworn enemy dies, you can choose a new one after the next dawn.",,generic_variant,,,true,,,,,,,
plate_armor_of_etherealness,Plate Armor of Etherealness (*),legendary,,,generic_variant,,,true,,,,,,,
silvered_weapon,Silvered Weapon,common,"An alchemical process has bonded silver to this magic weapon. When you score a Critical Hit with it against a creature that is shape-shifted, the weapon deals one additional die of damage.",,generic_variant,,,,,,,,,,
smoldering_armor,Smoldering Armor,common,"Wisps of harmless, odorless smoke rise from this armor while it is worn.",,generic_variant,,,,,,,,,,
sword_of_life_stealing,Sword of Life Stealing,rare,"When you attack a creature with this magic weapon and roll a 20 on the d20 for the attack roll, that target takes an extra 15 Necrotic damage if it isn't a Construct or an Undead, and you gain Temporary Hit Points equal to the amount of Necrotic damage taken.",,generic_variant,,,true,,,,,,,
sword_of_sharpness,Sword of Sharpness,very_rare,"When you attack an object with this magic weapon and hit, maximize your weapon damage dice against the target. When you attack a creature with this weapon and roll a 20 on the d20 for the attack roll, that target takes an extra 14 Slashing damage and gains 1 Exhaustion level.",,generic_variant,,,true,,,,,,,
sword_of_vengeance,Sword of Vengeance,uncommon,You gain a +1 bonus to attack rolls and damage rolls made with this magic weapon. Curse. This weapon is cursed and possessed by a vengeful spirit.,,generic_variant,,,true,,,,,,,
sword_of_wounding,Sword of Wounding,rare,"When you hit a creature with an attack using this magic weapon, the target takes an extra 2d6 Necrotic damage and must succeed on a DC 15 Constitution saving throw or be unable to regain Hit Points for 1 hour. The target repeats the save at the end of each of its turns, ending the effect on itself on a success.",,generic_variant,,,true,,,,,,,
sylvan_talon,Sylvan Talon,common,"While this weapon is on your person, you understand the non-written communication of all Fey, and they understand yours. Secret Message. As a Magic action, you can use the weapon to cast Message.",,generic_variant,,,true,,,,,,,
vicious_weapon,Vicious Weapon,rare,This magic weapon deals an extra 2d6 damage to any creature it hits. This extra damage is of the same type as the weapon's normal damage.,,generic_variant,,,,,,,,,,
vorpal_sword,Vorpal Sword,legendary,"You gain a +3 bonus to attack rolls and damage rolls made with this magic weapon. In addition, the weapon ignores Resistance to Slashing damage. When you use this weapon to attack a creature that has at least one head and roll a 20 on the d20 for the attack roll, you cut off one of the creature's heads.",,generic_variant,,,true,,,,,,,
walloping_ammunition,Walloping Ammunition,common,A creature hit by this ammunition must succeed on a DC 10 Strength saving throw or have the Prone condition.,,ammunition|generic_variant,,,,,,,,,,
weapon_of_warning,Weapon of Warning,uncommon,"As long as this weapon is within your reach and you are attuned to it, you and allies within 30 feet of you gain the following benefits. Alarm. The weapon magically awakens each subject who is sleeping naturally when combat begins.",,generic_variant,,,true,,,,,,,
